insert_id,pos,position_status,sv,closest_original_id,closest_original_distance,Line,Gen
3,552533,new,unknown,4,4634,L01-1,2
6,560570,new,unknown,5,311,L01-1,2
7,711466,new,simple_insertion,5,151207,L01-1,2
10,1205560,new,unknown,9,13060,L01-1,2
15,1675567,new,simple_insertion,14,171676,L01-1,2
16,1952965,new,simple_insertion,17,33484,L01-1,2
21,2661333,new,unknown,20,350186,L01-1,2
22,2665537,new,unknown,20,354390,L01-1,2
25,3704602,new,simple_insertion,26,161929,L01-1,2
3,552047,new,unknown,4,460,L01-1,3
8,1062667,new,simple_insertion,9,123297,L01-1,3
13,1390235,new,unknown,14,16120,L01-1,3
18,1676237,new,unknown,19,549,L01-1,3
21,1680731,new,unknown,20,853,L01-1,3
22,1746509,new,simple_insertion,20,66631,L01-1,3
23,1775128,new,simple_insertion,20,95250,L01-1,3
24,1791806,new,unknown,20,111928,L01-1,3
25,1792397,new,unknown,20,112519,L01-1,3
26,1838773,new,unknown,28,118512,L01-1,3
27,1927232,new,unknown,28,30053,L01-1,3
32,2137387,new,simple_insertion,31,138864,L01-1,3
33,2181001,new,simple_insertion,36,132893,L01-1,3
34,2221937,new,unknown,36,91957,L01-1,3
35,2233042,new,unknown,36,80852,L01-1,3
38,2326861,new,unknown,37,8305,L01-1,3
39,2409915,new,unknown,37,91359,L01-1,3
40,2414397,new,unknown,37,95841,L01-1,3
43,2673410,new,unknown,42,1587,L01-1,3
44,2821476,new,simple_insertion,42,149653,L01-1,3
45,3060759,new,unknown,48,319157,L01-1,3
46,3073536,new,unknown,48,306380,L01-1,3
47,3091971,new,unknown,48,287945,L01-1,3
52,3715700,new,unknown,51,169,L01-1,3
53,3846069,new,simple_insertion,54,31391,L01-1,3
3,531620,new,unknown,4,25547,L01-2,2
6,571293,new,unknown,5,11034,L01-2,2
7,587463,new,unknown,5,27204,L01-2,2
10,1194964,new,unknown,9,2462,L01-2,2
11,1206652,new,unknown,9,14150,L01-2,2
18,2102112,new,simple_transposition,17,111003,L01-2,2
19,2306388,new,unknown,20,98,L01-2,2
24,3523882,new,unknown,23,147146,L01-2,2
25,3525037,new,unknown,23,148301,L01-2,2
26,3866384,new,simple_insertion,27,147,L01-2,2
5,539480,new,unknown,4,4781,L01-2,3
8,555829,new,unknown,7,1871,L01-2,3
15,1437894,new,simple_insertion,16,28479,L01-2,3
18,1528010,new,simple_insertion,17,56978,L01-2,3
21,2067435,new,unknown,22,239,L01-2,3
28,2664941,new,simple_insertion,27,354964,L01-2,3
29,2664982,new,simple_insertion,27,355005,L01-2,3
30,3225060,new,simple_insertion,31,147399,L01-2,3
35,3721069,new,unknown,38,146038,L01-2,3
36,3748086,new,unknown,38,119021,L01-2,3
37,3793087,new,simple_insertion,38,74020,L01-2,3
44,3977980,new,unknown,43,5408,L01-2,3
1,5304,new,simple_insertion,2,471625,L01-3,2
4,549163,new,unknown,5,8004,L01-3,2
7,560533,new,unknown,6,274,L01-3,2
8,1181613,new,unknown,9,6218,L01-3,2
11,1193119,new,unknown,10,617,L01-3,2
16,1575836,new,simple_insertion,15,71945,L01-3,2
17,1758356,new,simple_insertion,22,228093,L01-3,2
18,1826688,new,unknown,22,159761,L01-3,2
19,1839946,new,unknown,22,146503,L01-3,2
20,1849705,new,unknown,22,136744,L01-3,2
21,1933685,new,simple_insertion,22,52764,L01-3,2
26,2523805,new,simple_insertion,25,212658,L01-3,2
27,2819946,new,simple_insertion,25,508799,L01-3,2
28,2955788,new,simple_insertion,29,417858,L01-3,2
31,3477756,new,unknown,30,101020,L01-3,2
32,3479160,new,unknown,30,102424,L01-3,2
35,3930220,new,simple_insertion,36,33875,L01-3,2
7,1045809,new,unknown,9,130587,L01-3,3
8,1046932,new,unknown,9,129464,L01-3,3
17,1566394,new,unknown,16,1105,L01-3,3
22,1835426,new,unknown,23,175,L01-3,3
27,1964866,new,unknown,28,13665,L01-3,3
32,2310077,new,unknown,31,8433,L01-3,3
33,2402393,new,unknown,31,100749,L01-3,3
40,3146219,new,unknown,39,189087,L01-3,3
41,3147184,new,unknown,39,190052,L01-3,3
42,3352381,new,unknown,43,22593,L01-3,3
45,3380685,new,unknown,44,2619,L01-3,3
48,3864969,new,unknown,49,4553,L01-3,3
53,3949822,new,unknown,52,13520,L01-3,3
7,1205607,new,unknown,6,13106,L01-4,2
12,1827583,new,simple_insertion,13,158866,L01-4,2
15,2036913,new,simple_insertion,14,45804,L01-4,2
16,2122363,new,simple_insertion,14,131254,L01-4,2
19,2337602,new,unknown,18,26454,L01-4,2
20,2467557,new,simple_insertion,18,156409,L01-4,2
21,2576743,new,simple_insertion,18,265595,L01-4,2
22,2766888,new,simple_insertion,18,455740,L01-4,2
25,3477618,new,simple_insertion,24,100882,L01-4,2
1,70101,new,simple_insertion,6,406817,L01-4,3
2,342943,new,simple_insertion,6,133975,L01-4,3
3,433385,new,simple_insertion,6,43533,L01-4,3
4,434046,new,unknown,6,42872,L01-4,3
5,436224,new,unknown,6,40694,L01-4,3
8,1013195,new,simple_insertion,9,171536,L01-4,3
29,2557941,new,unknown,30,1599,L01-4,3
34,2969113,new,simple_insertion,33,213243,L01-4,3
35,3217989,new,simple_insertion,37,144639,L01-4,3
36,3354947,new,unknown,37,7681,L01-4,3
41,3472676,new,unknown,40,1415,L01-4,3
42,3859851,new,unknown,43,326,L01-4,3
1,584133,new,simple_insertion,4,688516,L02-1,2
2,1232077,new,unknown,4,40572,L02-1,2
3,1232489,new,unknown,4,40160,L02-1,2
10,1751149,new,simple_insertion,9,83634,L02-1,2
11,1819457,new,unknown,9,151942,L02-1,2
12,1854239,new,unknown,9,186724,L02-1,2
13,2139566,new,simple_insertion,14,164480,L02-1,2
22,3060088,new,unknown,23,940,L02-1,2
27,3386434,new,unknown,26,10041,L02-1,2
30,3593640,new,simple_insertion,29,92778,L02-1,2
37,3894540,new,unknown,38,2397,L02-1,2
40,3997405,new,unknown,41,1150,L02-1,2
1,80918,new,simple_insertion,3,503215,L02-1,3
2,442802,new,simple_insertion,3,141331,L02-1,3
5,933178,new,simple_insertion,7,301990,L02-1,3
6,1226128,new,simple_insertion,7,9040,L02-1,3
11,1480520,new,simple_insertion,12,41805,L02-1,3
14,1669462,new,unknown,15,1380,L02-1,3
21,1843347,new,simple_insertion,20,11291,L02-1,3
24,2273385,new,unknown,25,11578,L02-1,3
29,2449044,new,simple_insertion,28,65305,L02-1,3
30,2653316,new,simple_insertion,31,6997,L02-1,3
37,3279756,new,simple_insertion,38,73512,L02-1,3
46,3699203,new,unknown,45,25155,L02-1,3
55,3970171,new,unknown,54,1509,L02-1,3
1,554069,new,unknown,5,718573,L02-2,2
2,554746,new,unknown,5,717896,L02-2,2
3,766930,new,simple_insertion,5,505712,L02-2,2
4,1009689,new,simple_insertion,5,262953,L02-2,2
7,1332007,new,simple_insertion,6,56275,L02-2,2
12,1811642,new,simple_insertion,11,144127,L02-2,2
15,2395641,new,unknown,16,4092,L02-2,2
18,2468109,new,simple_insertion,17,65285,L02-2,2
21,2816265,new,simple_insertion,22,103104,L02-2,2
24,3041494,new,unknown,25,19534,L02-2,2
33,3733657,new,unknown,32,32636,L02-2,2
34,3748634,new,unknown,32,47613,L02-2,2
39,3886158,new,unknown,40,10780,L02-2,2
42,3900476,new,unknown,41,448,L02-2,2
45,4002392,new,unknown,44,745,L02-2,2
17,2200319,new,simple_transposition,18,119231,L02-2,3
20,2324291,new,unknown,19,1650,L02-2,3
23,2452241,new,simple_insertion,24,27290,L02-2,3
36,3375141,new,unknown,35,678,L02-2,3
43,3736987,new,unknown,42,2158,L02-2,3
1,1045304,new,simple_insertion,5,227338,L02-3,2
2,1113794,new,simple_insertion,5,158848,L02-3,2
3,1214069,new,unknown,5,58573,L02-3,2
4,1232095,new,unknown,5,40547,L02-3,2
7,1326204,new,simple_insertion,6,50472,L02-3,2
12,1668077,new,unknown,11,561,L02-3,2
13,2275927,new,simple_insertion,14,28119,L02-3,2
16,2358667,new,simple_insertion,17,41067,L02-3,2
19,2404625,new,unknown,18,1800,L02-3,2
20,2572653,new,unknown,22,106747,L02-3,2
21,2590297,new,unknown,22,89103,L02-3,2
24,2718475,new,simple_insertion,23,35985,L02-3,2
31,3376899,new,unknown,30,506,L02-3,2
34,3638109,new,simple_insertion,35,59822,L02-3,2
37,3790976,new,unknown,38,19356,L02-3,2
3,1101944,new,unknown,4,14932,L02-3,3
6,1162073,new,simple_insertion,5,42106,L02-3,3
13,1480155,new,unknown,14,30080,L02-3,3
18,2196941,new,simple_insertion,19,72743,L02-3,3
25,2375410,new,unknown,24,16146,L02-3,3
54,3971752,new,unknown,53,2006,L02-3,3
1,137376,new,simple_insertion,3,1135266,L02-4,2
2,144225,new,simple_insertion,3,1128417,L02-4,2
7,1547687,new,simple_insertion,6,28696,L02-4,2
10,1736439,new,simple_insertion,9,68924,L02-4,2
11,2157272,new,simple_insertion,13,146774,L02-4,2
12,2197528,new,simple_insertion,13,106518,L02-4,2
15,2341440,new,unknown,14,34305,L02-4,2
18,2485142,new,unknown,17,82318,L02-4,2
19,2615121,new,simple_insertion,20,64279,L02-4,2
26,3160135,new,unknown,25,96016,L02-4,2
27,3169613,new,unknown,25,105494,L02-4,2
28,3355519,new,unknown,29,17782,L02-4,2
31,3390038,new,unknown,30,13645,L02-4,2
34,3534899,new,simple_insertion,33,34037,L02-4,2
39,3826957,new,unknown,40,2970,L02-4,2
44,3935933,new,simple_insertion,43,35906,L02-4,2
45,3940955,new,unknown,43,40928,L02-4,2
46,3942028,new,unknown,43,42001,L02-4,2
5,150576,new,unknown,4,160,L02-4,3
6,193457,new,simple_insertion,4,43041,L02-4,3
7,606590,new,simple_insertion,4,456174,L02-4,3
18,1830877,new,simple_insertion,17,82181,L02-4,3
19,1925097,new,simple_insertion,17,176401,L02-4,3
22,2198923,new,unknown,24,13960,L02-4,3
23,2208032,new,unknown,24,4851,L02-4,3
28,2332051,new,unknown,27,6462,L02-4,3
41,3110255,new,unknown,44,16217,L02-4,3
42,3115019,new,unknown,44,11453,L02-4,3
43,3125287,new,unknown,44,1185,L02-4,3
52,3542390,new,unknown,54,70606,L02-4,3
53,3543295,new,unknown,54,69701,L02-4,3
60,3785882,new,simple_insertion,59,21192,L02-4,3
61,3814676,new,unknown,63,10829,L02-4,3
62,3814860,new,unknown,63,10645,L02-4,3
69,3892873,new,unknown,68,16511,L02-4,3
70,3893524,new,unknown,68,17162,L02-4,3
71,3932630,new,unknown,72,257,L02-4,3
74,3941536,new,unknown,73,5558,L02-4,3
7,1343691,new,simple_insertion,6,61746,L03-1,2
8,1480943,new,simple_insertion,9,185225,L03-1,2
13,2041169,new,simple_insertion,12,163014,L03-1,2
14,2389334,new,simple_insertion,15,127093,L03-1,2
21,3562547,new,simple_insertion,20,138945,L03-1,2
3,455266,new,simple_insertion,2,244209,L03-1,3
4,1031961,new,unknown,6,78059,L03-1,3
5,1047970,new,unknown,6,62050,L03-1,3
10,1343274,new,unknown,11,384,L03-1,3
13,1357808,new,unknown,12,11058,L03-1,3
18,1878770,new,unknown,19,358,L03-1,3
21,1941977,new,unknown,20,57680,L03-1,3
24,2055331,new,unknown,23,4928,L03-1,3
25,2398361,new,unknown,26,224,L03-1,3
32,2990463,new,simple_insertion,31,396418,L03-1,3
35,3455287,new,unknown,34,19359,L03-1,3
3,297648,new,simple_insertion,2,86585,L03-2,2
4,313246,new,simple_insertion,2,102183,L03-2,2
5,412000,new,simple_insertion,2,200937,L03-2,2
6,850963,new,simple_insertion,8,259093,L03-2,2
7,852445,new,simple_insertion,8,257611,L03-2,2
10,1113507,new,unknown,9,360,L03-2,2
17,2021649,new,unknown,16,143494,L03-2,2
18,2027373,new,unknown,16,149218,L03-2,2
19,2318063,new,unknown,21,198364,L03-2,2
20,2318792,new,unknown,21,197635,L03-2,2
25,3124709,new,simple_insertion,26,295803,L03-2,2
28,3492261,new,simple_insertion,27,68659,L03-2,2
29,3624892,new,unknown,27,201290,L03-2,2
5,316003,new,unknown,6,328,L03-2,3
18,1330186,new,simple_insertion,17,33144,L03-2,3
25,2266214,new,simple_insertion,27,64281,L03-2,3
26,2330331,new,unknown,27,164,L03-2,3
39,3625523,new,simple_insertion,40,20342,L03-2,3
44,3920157,new,unknown,43,9025,L03-2,3
3,346076,new,simple_insertion,2,135013,L03-3,2
8,1441346,new,simple_insertion,7,159401,L03-3,2
9,1537158,new,simple_insertion,11,129010,L03-3,2
10,1578200,new,simple_insertion,11,87968,L03-3,2
13,1691990,new,unknown,12,22732,L03-3,2
14,1872747,new,unknown,15,239,L03-3,2
17,1910477,new,unknown,16,32322,L03-3,2
18,2083526,new,simple_insertion,16,205371,L03-3,2
19,2392922,new,simple_insertion,20,123505,L03-3,2
24,2829627,new,simple_insertion,23,247928,L03-3,2
25,2981656,new,simple_insertion,23,399957,L03-3,2
26,3110430,new,simple_insertion,28,310081,L03-3,2
27,3420077,new,unknown,28,434,L03-3,2
30,3425880,new,unknown,29,2277,L03-3,2
31,3492757,new,unknown,29,69154,L03-3,2
32,3493463,new,unknown,29,69860,L03-3,2
35,3889845,new,unknown,34,2772,L03-3,2
5,573758,new,simple_insertion,4,224592,L03-3,3
6,693608,new,simple_insertion,4,344442,L03-3,3
7,898700,new,simple_insertion,8,214451,L03-3,3
14,1486793,new,simple_transposition,13,39255,L03-3,3
29,2425314,new,unknown,28,1556,L03-3,3
34,2637385,new,simple_insertion,33,24847,L03-3,3
37,3003498,new,unknown,38,12098,L03-3,3
40,3033035,new,unknown,39,14348,L03-3,3
41,3033837,new,unknown,39,15150,L03-3,3
42,3129882,new,unknown,43,17595,L03-3,3
45,3305045,new,unknown,44,154478,L03-3,3
46,3305420,new,unknown,48,154803,L03-3,3
47,3352289,new,simple_insertion,48,107934,L03-3,3
52,3654442,new,unknown,51,121164,L03-3,3
53,3683483,new,unknown,51,150205,L03-3,3
1,26895,new,simple_insertion,2,181079,L03-4,2
4,352789,new,simple_insertion,3,141726,L03-4,2
7,1151396,new,simple_insertion,6,38250,L03-4,2
12,1731551,new,simple_insertion,11,62294,L03-4,2
15,1935855,new,simple_insertion,14,57700,L03-4,2
16,2007482,new,simple_insertion,14,129327,L03-4,2
17,2030683,new,simple_insertion,14,152528,L03-4,2
18,2041564,new,simple_insertion,14,163409,L03-4,2
19,2219156,new,simple_insertion,20,297271,L03-4,2
24,2628993,new,simple_insertion,23,47294,L03-4,2
25,2964663,new,simple_insertion,23,382964,L03-4,2
26,3285036,new,simple_insertion,27,135476,L03-4,2
7,587410,new,simple_insertion,6,228432,L03-4,3
8,800566,new,simple_insertion,9,315660,L03-4,3
19,1823901,new,unknown,20,61437,L03-4,3
32,2362469,new,simple_insertion,31,115457,L03-4,3
33,2460385,new,simple_insertion,34,83897,L03-4,3
40,2863290,new,simple_insertion,42,132317,L03-4,3
41,2932965,new,simple_insertion,42,62642,L03-4,3
44,3136157,new,simple_insertion,43,137460,L03-4,3
45,3151767,new,simple_insertion,43,153070,L03-4,3
50,3601035,new,simple_insertion,49,140308,L03-4,3
1,24527,new,unknown,3,93940,L04-1,2
2,59445,new,simple_insertion,3,59022,L04-1,2
5,359806,new,unknown,6,652,L04-1,2
12,720201,new,simple_insertion,13,54380,L04-1,2
21,1950147,new,unknown,22,1174,L04-1,2
24,2075452,new,simple_insertion,23,121040,L04-1,2
31,2675386,new,simple_insertion,30,238329,L04-1,2
32,3021112,new,unknown,33,23112,L04-1,2
35,3220208,new,unknown,34,172893,L04-1,2
36,3221099,new,unknown,34,173784,L04-1,2
37,3623361,new,unknown,38,3464,L04-1,2
40,3684018,new,simple_insertion,39,54102,L04-1,2
41,3700534,new,simple_insertion,39,70618,L04-1,2
42,3957075,new,unknown,39,327159,L04-1,2
7,359433,new,simple_insertion,6,17636,L04-1,3
10,686106,new,simple_insertion,11,115129,L04-1,3
13,890535,new,unknown,12,86210,L04-1,3
14,895728,new,unknown,15,81482,L04-1,3
17,1325445,new,unknown,18,583,L04-1,3
24,1744022,new,unknown,25,17169,L04-1,3
29,2029883,new,unknown,31,23297,L04-1,3
30,2033833,new,unknown,31,19347,L04-1,3
33,2435826,new,simple_insertion,34,138125,L04-1,3
38,2929825,new,simple_insertion,37,186885,L04-1,3
39,3146979,new,simple_insertion,40,78649,L04-1,3
48,3517692,new,unknown,47,2231,L04-1,3
51,3646666,new,unknown,50,731,L04-1,3
52,3883819,new,unknown,53,359,L04-1,3
1,116145,new,unknown,2,2322,L04-2,2
6,490407,new,unknown,7,532,L04-2,2
13,778086,new,unknown,12,413,L04-2,2
16,1244377,new,simple_insertion,17,19100,L04-2,2
21,1704567,new,simple_insertion,22,246755,L04-2,2
24,2210190,new,unknown,26,30032,L04-2,2
25,2210729,new,unknown,26,29493,L04-2,2
30,2424176,new,simple_insertion,31,9791,L04-2,2
33,2437999,new,unknown,32,941,L04-2,2
36,3051393,new,unknown,35,4077,L04-2,2
37,3373476,new,simple_insertion,39,253349,L04-2,2
38,3617287,new,unknown,39,9538,L04-2,2
3,297320,new,unknown,6,60816,L04-2,3
4,327039,new,unknown,6,31097,L04-2,3
5,350692,new,unknown,6,7444,L04-2,3
8,362590,new,unknown,7,1363,L04-2,3
15,1067041,new,unknown,16,3178,L04-2,3
18,1197353,new,unknown,20,43760,L04-2,3
19,1198840,new,unknown,20,42273,L04-2,3
30,2151981,new,simple_insertion,31,61140,L04-2,3
35,2249338,new,unknown,34,544,L04-2,3
42,2454481,new,unknown,41,8843,L04-2,3
43,2687314,new,simple_insertion,41,241676,L04-2,3
44,2776108,new,simple_insertion,47,275748,L04-2,3
45,3005998,new,simple_insertion,47,45858,L04-2,3
46,3036546,new,unknown,47,15310,L04-2,3
51,3485319,new,simple_insertion,50,105195,L04-2,3
54,3770705,new,unknown,53,143678,L04-2,3
55,3774837,new,unknown,53,147810,L04-2,3
56,3907158,new,unknown,53,280131,L04-2,3
57,3939985,new,unknown,53,312958,L04-2,3
1,42392,new,simple_insertion,2,76076,L04-3,2
4,352620,new,unknown,5,7838,L04-3,2
7,405196,new,unknown,6,41646,L04-3,2
12,659989,new,simple_insertion,11,58373,L04-3,2
15,829126,new,simple_insertion,14,51454,L04-3,2
22,1949494,new,unknown,23,1828,L04-3,2
25,2076027,new,simple_transposition,24,121615,L04-3,2
26,2148755,new,simple_insertion,28,91467,L04-3,2
27,2197202,new,simple_insertion,28,43020,L04-3,2
34,2715850,new,simple_insertion,33,278793,L04-3,2
35,2753385,new,simple_insertion,36,290840,L04-3,2
38,3218642,new,unknown,37,171327,L04-3,2
39,3219091,new,unknown,37,171776,L04-3,2
40,3626045,new,unknown,41,780,L04-3,2
5,205049,new,simple_insertion,4,80400,L04-3,3
20,1106735,new,unknown,19,70404,L04-3,3
25,1740964,new,simple_insertion,26,168092,L04-3,3
34,2317905,new,simple_insertion,35,61057,L04-3,3
55,3922362,new,simple_insertion,56,24657,L04-3,3
58,4051961,new,simple_insertion,57,101854,L04-3,3
3,360356,new,unknown,4,102,L04-4,2
6,365295,new,unknown,5,1745,L04-4,2
7,480400,new,unknown,8,10539,L04-4,2
20,1491537,new,simple_insertion,19,59070,L04-4,2
21,1537571,new,unknown,19,105104,L04-4,2
22,1539252,new,unknown,19,106785,L04-4,2
23,1738895,new,unknown,26,212427,L04-4,2
24,1904516,new,unknown,26,46806,L04-4,2
25,1910476,new,unknown,26,40846,L04-4,2
28,2129702,new,unknown,30,110520,L04-4,2
29,2130152,new,unknown,30,110070,L04-4,2
34,2380128,new,unknown,36,53839,L04-4,2
35,2392544,new,unknown,36,41423,L04-4,2
40,3376945,new,simple_insertion,42,249880,L04-4,2
41,3623406,new,unknown,42,3419,L04-4,2
44,3630123,new,unknown,43,206,L04-4,2
45,3867008,new,simple_insertion,43,237091,L04-4,2
3,352769,new,unknown,4,7590,L04-4,3
6,478193,new,unknown,7,359,L04-4,3
15,1212450,new,simple_insertion,16,38631,L04-4,3
28,1859081,new,unknown,27,80492,L04-4,3
37,2307649,new,unknown,36,24872,L04-4,3
38,2314310,new,unknown,36,31533,L04-4,3
39,2337845,new,simple_insertion,40,20440,L04-4,3
46,2618028,new,unknown,45,150829,L04-4,3
47,2619262,new,unknown,45,152063,L04-4,3
48,2963239,new,simple_transposition,49,111128,L04-4,3
51,3167551,new,unknown,50,90094,L04-4,3
52,3201114,new,unknown,50,123657,L04-4,3
53,3328792,new,simple_insertion,54,78303,L04-4,3
56,3619320,new,simple_insertion,57,37327,L04-4,3
59,3759042,new,simple_insertion,58,99305,L04-4,3
60,3759979,new,unknown,58,100242,L04-4,3
61,3763824,new,unknown,58,104087,L04-4,3
1,143398,new,unknown,3,703879,L05-1,2
2,144159,new,unknown,3,703118,L05-1,2
9,1491773,new,simple_insertion,8,210276,L05-1,2
12,1871305,new,simple_insertion,11,8845,L05-1,2
13,1923098,new,simple_insertion,14,14672,L05-1,2
18,2064678,new,unknown,17,306,L05-1,2
19,2243329,new,unknown,17,178957,L05-1,2
20,2245269,new,unknown,17,180897,L05-1,2
21,2376297,new,simple_insertion,23,149345,L05-1,2
22,2394948,new,simple_insertion,23,130694,L05-1,2
25,2530348,new,unknown,24,1616,L05-1,2
26,2654704,new,simple_insertion,24,125972,L05-1,2
31,3241317,new,simple_insertion,30,25017,L05-1,2
32,3467721,new,unknown,33,7772,L05-1,2
35,3478764,new,unknown,34,180,L05-1,2
3,792356,new,simple_insertion,4,57243,L05-1,3
14,1875537,new,unknown,15,1104,L05-1,3
19,1937645,new,unknown,18,3020,L05-1,3
24,2190461,new,unknown,26,64065,L05-1,3
25,2192563,new,unknown,26,61963,L05-1,3
28,2383247,new,unknown,29,5382,L05-1,3
41,3247971,new,unknown,40,11701,L05-1,3
46,3744870,new,simple_insertion,45,249388,L05-1,3
1,118238,new,unknown,4,729039,L05-2,2
2,120255,new,unknown,4,727022,L05-2,2
3,484673,new,simple_insertion,4,362604,L05-2,2
6,851833,new,unknown,5,1465,L05-2,2
7,1069146,new,unknown,9,169741,L05-2,2
8,1069584,new,unknown,9,169303,L05-2,2
13,1353754,new,simple_insertion,12,71869,L05-2,2
14,1632650,new,simple_insertion,15,227109,L05-2,2
17,1908082,new,simple_insertion,20,30076,L05-2,2
18,1919588,new,unknown,20,18570,L05-2,2
19,1920149,new,unknown,20,18009,L05-2,2
22,1953237,new,unknown,21,11989,L05-2,2
25,2065252,new,unknown,24,492,L05-2,2
26,2143502,new,unknown,24,78742,L05-2,2
27,2144018,new,unknown,24,79258,L05-2,2
28,2241245,new,simple_insertion,24,176485,L05-2,2
29,2373441,new,simple_insertion,30,152589,L05-2,2
32,2554742,new,unknown,31,25622,L05-2,2
35,2987083,new,unknown,34,2682,L05-2,2
36,3103371,new,simple_insertion,37,110227,L05-2,2
39,3280926,new,unknown,38,64238,L05-2,2
40,3475071,new,unknown,41,810,L05-2,2
43,3483132,new,unknown,42,4160,L05-2,2
3,136189,new,simple_insertion,2,14867,L05-2,3
8,884869,new,unknown,7,30332,L05-2,3
9,885131,new,simple_insertion,7,30594,L05-2,3
12,1182469,new,simple_insertion,13,98574,L05-2,3
19,1476774,new,simple_insertion,20,97898,L05-2,3
22,1843550,new,unknown,23,13114,L05-2,3
29,2032499,new,unknown,31,32320,L05-2,3
30,2043603,new,unknown,31,21216,L05-2,3
33,2116388,new,simple_insertion,35,29770,L05-2,3
34,2145038,new,unknown,35,1120,L05-2,3
39,2249930,new,unknown,38,362,L05-2,3
44,2624201,new,unknown,43,82322,L05-2,3
45,2624400,new,unknown,43,82521,L05-2,3
48,3125540,new,simple_insertion,49,40158,L05-2,3
51,3178362,new,unknown,50,8241,L05-2,3
54,3387838,new,unknown,56,11884,L05-2,3
55,3388031,new,unknown,56,11691,L05-2,3
60,3684679,new,simple_insertion,59,214531,L05-2,3
61,3910515,new,simple_insertion,59,440367,L05-2,3
1,48378,new,simple_insertion,3,798899,L05-3,2
2,447784,new,simple_insertion,3,399493,L05-3,2
9,1664494,new,simple_insertion,11,195265,L05-3,2
10,1807841,new,unknown,11,51918,L05-3,2
13,1898321,new,unknown,12,35473,L05-3,2
14,1898947,new,unknown,12,36099,L05-3,2
17,1963073,new,unknown,16,21825,L05-3,2
18,2057751,new,unknown,19,3918,L05-3,2
21,2065205,new,unknown,20,445,L05-3,2
22,2241409,new,simple_insertion,20,176649,L05-3,2
23,2403746,new,simple_insertion,24,122284,L05-3,2
26,2550594,new,unknown,25,21474,L05-3,2
29,3031128,new,simple_insertion,28,46728,L05-3,2
32,3469969,new,unknown,33,5912,L05-3,2
35,3479904,new,unknown,34,932,L05-3,2
36,3718957,new,simple_insertion,34,239985,L05-3,2
37,3897786,new,simple_insertion,34,418814,L05-3,2
3,108913,new,unknown,2,57438,L05-3,3
4,109120,new,unknown,2,57645,L05-3,3
5,140512,new,unknown,2,89037,L05-3,3
6,157127,new,unknown,2,105652,L05-3,3
11,858376,new,unknown,10,1783,L05-3,3
14,1249552,new,unknown,13,1361,L05-3,3
23,1887983,new,unknown,25,11183,L05-3,3
24,1898084,new,unknown,25,1082,L05-3,3
31,2181564,new,unknown,30,2241,L05-3,3
34,2365001,new,simple_insertion,33,20237,L05-3,3
39,2928087,new,unknown,40,22602,L05-3,3
42,2961665,new,unknown,41,7886,L05-3,3
1,378835,new,unknown,3,468441,L05-4,2
2,635451,new,simple_insertion,3,211825,L05-4,2
5,932427,new,simple_insertion,4,82060,L05-4,2
8,1242052,new,unknown,7,463,L05-4,2
11,1816986,new,unknown,14,42385,L05-4,2
12,1819153,new,unknown,14,40218,L05-4,2
13,1857652,new,unknown,14,1719,L05-4,2
16,1869943,new,simple_insertion,15,7483,L05-4,2
21,2113022,new,simple_insertion,20,48651,L05-4,2
22,2299218,new,simple_insertion,23,226423,L05-4,2
25,2529669,new,unknown,24,937,L05-4,2
26,2901511,new,unknown,28,79410,L05-4,2
27,2902159,new,unknown,28,78762,L05-4,2
30,3007906,new,unknown,29,23893,L05-4,2
31,3182023,new,unknown,32,31187,L05-4,2
34,3475117,new,unknown,35,376,L05-4,2
37,3479704,new,unknown,36,1120,L05-4,2
1,120569,new,simple_insertion,2,258266,L05-4,3
4,382998,new,unknown,3,1071,L05-4,3
7,473897,new,unknown,6,57696,L05-4,3
8,502345,new,unknown,6,86144,L05-4,3
9,584589,new,unknown,10,5742,L05-4,3
14,1029559,new,unknown,15,17577,L05-4,3
21,1517028,new,unknown,22,678,L05-4,3
24,1538522,new,unknown,23,17726,L05-4,3
25,1540141,new,unknown,23,19345,L05-4,3
28,1701360,new,unknown,30,10787,L05-4,3
29,1701827,new,unknown,30,10320,L05-4,3
36,2004897,new,unknown,35,237497,L05-4,3
37,2008222,new,unknown,35,240822,L05-4,3
38,2141421,new,simple_insertion,39,161475,L05-4,3
49,3135358,new,simple_insertion,51,75960,L05-4,3
50,3206102,new,simple_insertion,51,5216,L05-4,3
55,3248832,new,unknown,54,148,L05-4,3
56,3378774,new,unknown,59,128738,L05-4,3
57,3382574,new,unknown,59,124938,L05-4,3
58,3505503,new,unknown,59,2009,L05-4,3
61,3787501,new,unknown,60,276899,L05-4,3
62,3815194,new,unknown,60,304592,L05-4,3
1,310058,new,simple_insertion,5,132800,L06-1,2
2,411463,new,unknown,5,31395,L06-1,2
3,411553,new,unknown,5,31305,L06-1,2
4,423131,new,unknown,5,19727,L06-1,2
7,504759,new,unknown,6,58811,L06-1,2
8,505187,new,unknown,6,59239,L06-1,2
9,775437,new,simple_insertion,10,108360,L06-1,2
20,2430239,new,unknown,19,117153,L06-1,2
21,2520535,new,simple_insertion,19,207449,L06-1,2
22,2685160,new,simple_insertion,19,372074,L06-1,2
23,3046631,new,unknown,25,355064,L06-1,2
24,3052261,new,unknown,25,349434,L06-1,2
31,3533112,new,unknown,30,5875,L06-1,2
1,307939,new,unknown,2,2109,L06-1,3
4,353610,new,unknown,3,40471,L06-1,3
9,435615,new,unknown,8,3309,L06-1,3
14,548700,new,unknown,13,31679,L06-1,3
15,549486,new,unknown,13,32465,L06-1,3
16,624593,new,unknown,17,788,L06-1,3
21,1163975,new,simple_insertion,22,126174,L06-1,3
26,1495227,new,simple_insertion,25,36591,L06-1,3
29,2286767,new,simple_insertion,30,38135,L06-1,3
38,3049561,new,unknown,40,21259,L06-1,3
39,3050572,new,unknown,40,20248,L06-1,3
42,3231915,new,simple_insertion,41,158004,L06-1,3
43,3324833,new,simple_insertion,45,98510,L06-1,3
44,3422839,new,unknown,45,504,L06-1,3
1,76764,new,unknown,3,366094,L06-2,2
2,90729,new,unknown,3,352129,L06-2,2
7,1239784,new,simple_insertion,8,35442,L06-2,2
10,1293006,new,simple_insertion,9,14690,L06-2,2
13,1648527,new,simple_insertion,15,11577,L06-2,2
14,1659482,new,unknown,15,622,L06-2,2
17,1886456,new,unknown,16,223261,L06-2,2
18,1886728,new,unknown,16,223533,L06-2,2
19,2088585,new,simple_insertion,20,221411,L06-2,2
22,2315602,new,unknown,21,2515,L06-2,2
23,2448890,new,simple_insertion,21,135803,L06-2,2
24,2596055,new,simple_insertion,21,282968,L06-2,2
25,3007880,new,simple_insertion,29,393815,L06-2,2
26,3138876,new,simple_insertion,29,262819,L06-2,2
27,3244983,new,unknown,29,156712,L06-2,2
28,3253797,new,unknown,29,147898,L06-2,2
35,3527622,new,unknown,34,385,L06-2,2
36,3551992,new,simple_insertion,34,24755,L06-2,2
37,3595886,new,simple_insertion,34,68649,L06-2,2
40,3763946,new,simple_insertion,39,35391,L06-2,2
41,3943758,new,unknown,39,215203,L06-2,2
42,3951540,new,unknown,39,222985,L06-2,2
43,3952075,new,unknown,39,223520,L06-2,2
3,150336,new,simple_insertion,2,70496,L06-2,3
6,866530,new,unknown,7,6356,L06-2,3
9,1208378,new,unknown,10,20497,L06-2,3
16,1376344,new,simple_transposition,17,59568,L06-2,3
27,2094643,new,unknown,26,2417,L06-2,3
34,2940605,new,unknown,35,74581,L06-2,3
39,3156516,new,unknown,38,4149,L06-2,3
1,398179,new,simple_insertion,2,44679,L06-3,2
4,882150,new,unknown,5,1647,L06-3,2
11,1582038,new,unknown,13,78066,L06-3,2
12,1593483,new,unknown,13,66621,L06-3,2
15,1864077,new,simple_insertion,14,200882,L06-3,2
16,2160041,new,unknown,19,149954,L06-3,2
17,2162616,new,unknown,19,147379,L06-3,2
18,2294444,new,unknown,19,15551,L06-3,2
21,2374105,new,unknown,20,61019,L06-3,2
22,2394728,new,unknown,20,81642,L06-3,2
23,2433970,new,simple_insertion,20,120884,L06-3,2
24,2559604,new,simple_insertion,20,246518,L06-3,2
25,3027875,new,simple_insertion,29,373819,L06-3,2
26,3146391,new,unknown,29,255303,L06-3,2
27,3194434,new,simple_insertion,29,207260,L06-3,2
28,3395307,new,unknown,29,6387,L06-3,2
35,3527689,new,unknown,34,452,L06-3,2
3,439463,new,unknown,4,6498,L06-3,3
6,509156,new,simple_insertion,5,60106,L06-3,3
7,707758,new,simple_insertion,8,177476,L06-3,3
12,1231314,new,simple_insertion,11,221377,L06-3,3
13,1323474,new,simple_transposition,15,154723,L06-3,3
14,1478008,new,unknown,15,189,L06-3,3
23,1717920,new,unknown,22,1448,L06-3,3
30,2354597,new,unknown,29,192,L06-3,3
43,3447171,new,unknown,45,30634,L06-3,3
44,3457375,new,unknown,45,20430,L06-3,3
1,305943,new,unknown,4,136914,L06-4,2
2,321098,new,unknown,4,121759,L06-4,2
3,437191,new,unknown,4,5666,L06-4,2
8,1154108,new,simple_insertion,9,121118,L06-4,2
11,1294537,new,unknown,10,16220,L06-4,2
16,1928582,new,simple_insertion,15,265387,L06-4,2
19,2359261,new,simple_insertion,18,46175,L06-4,2
20,2499872,new,unknown,18,186786,L06-4,2
21,3174560,new,simple_insertion,25,227135,L06-4,2
22,3252642,new,simple_insertion,25,149053,L06-4,2
23,3297667,new,simple_insertion,25,104028,L06-4,2
24,3388209,new,simple_insertion,25,13486,L06-4,2
31,3532553,new,unknown,30,5316,L06-4,2
32,3722646,new,simple_insertion,33,2820,L06-4,2
35,3731006,new,unknown,34,2450,L06-4,2
36,3770387,new,simple_insertion,34,41831,L06-4,2
37,3864963,new,simple_insertion,34,136407,L06-4,2
7,1069792,new,simple_insertion,8,69671,L06-4,3
18,2136055,new,simple_insertion,20,152348,L06-4,3
19,2149056,new,simple_insertion,20,139347,L06-4,3
32,3363517,new,simple_insertion,33,18590,L06-4,3
47,3778390,new,unknown,46,12579,L06-4,3
3,164064,new,simple_insertion,2,127475,L07-1,2
10,1302943,new,unknown,11,545,L07-1,2
13,1486210,new,simple_insertion,12,179632,L07-1,2
16,2117281,new,unknown,17,938,L07-1,2
19,2122256,new,unknown,18,944,L07-1,2
20,2146499,new,unknown,21,291,L07-1,2
25,2349786,new,unknown,24,1499,L07-1,2
32,3350205,new,simple_insertion,33,225280,L07-1,2
11,1299350,new,unknown,12,6721,L07-1,3
26,2933355,new,unknown,27,53441,L07-1,3
7,1076265,new,unknown,6,1693,L07-2,2
12,1486112,new,simple_insertion,11,179534,L07-2,2
15,1921585,new,simple_insertion,14,63194,L07-2,2
18,2122110,new,unknown,17,798,L07-2,2
23,2351538,new,unknown,22,3251,L07-2,2
15,1860644,new,unknown,14,737,L07-2,3
22,2168478,new,simple_insertion,21,14764,L07-2,3
31,3569098,new,unknown,32,7015,L07-2,3
34,3708022,new,simple_insertion,36,90332,L07-2,3
35,3792323,new,unknown,36,6031,L07-2,3
9,1302380,new,unknown,10,1108,L07-3,2
12,1485589,new,unknown,11,179011,L07-3,2
13,1542050,new,simple_insertion,11,235472,L07-3,2
18,2122140,new,unknown,17,828,L07-3,2
23,2348434,new,unknown,22,147,L07-3,2
28,3018886,new,unknown,29,456,L07-3,2
33,3703591,new,unknown,35,94124,L07-3,2
34,3724306,new,unknown,35,73409,L07-3,2
3,69487,new,simple_insertion,2,32902,L07-3,3
26,2612502,new,simple_insertion,25,173976,L07-3,3
35,3710957,new,unknown,34,479,L07-3,3
3,849748,new,unknown,4,2281,L07-4,2
6,1072217,new,unknown,7,705,L07-4,2
13,1614785,new,simple_insertion,14,241957,L07-4,2
24,2675469,new,simple_insertion,23,239740,L07-4,2
27,3028538,new,unknown,28,3707,L07-4,2
32,3714138,new,unknown,34,96480,L07-4,2
33,3744962,new,unknown,34,65656,L07-4,2
3,708680,new,simple_insertion,4,141111,L07-4,3
12,1484465,new,unknown,13,127431,L07-4,3
17,1957939,new,simple_insertion,16,97883,L07-4,3
24,2351570,new,unknown,23,1586,L07-4,3
27,2609853,new,unknown,29,65903,L07-4,3
28,2627143,new,unknown,29,48613,L07-4,3
33,3023049,new,unknown,34,8848,L07-4,3
5,516676,new,simple_insertion,7,338457,L08-1,2
6,853162,new,unknown,7,1971,L08-1,2
9,858415,new,unknown,8,190,L08-1,2
20,2126643,new,unknown,19,786,L08-1,2
25,2371159,new,unknown,24,18327,L08-1,2
30,3015239,new,unknown,32,20110,L08-1,2
31,3028499,new,unknown,32,6850,L08-1,2
9,1073669,new,unknown,10,3344,L08-1,3
22,2353427,new,unknown,21,23375,L08-1,3
23,2393783,new,unknown,24,862,L08-1,3
34,3750049,new,unknown,33,4004,L08-1,3
11,1305978,new,unknown,12,2055,L08-2,2
22,2398587,new,unknown,24,37157,L08-2,2
23,2434883,new,unknown,24,861,L08-2,2
7,900755,new,simple_insertion,6,42490,L08-2,3
10,1079613,new,unknown,9,447,L08-2,3
11,1097939,new,simple_insertion,9,18773,L08-2,3
12,1222396,new,simple_insertion,13,62633,L08-2,3
19,2022903,new,simple_insertion,20,97899,L08-2,3
22,2124703,new,unknown,21,810,L08-2,3
29,2921804,new,simple_insertion,30,18937,L08-2,3
32,2967197,new,unknown,34,19598,L08-2,3
33,2982617,new,unknown,34,4178,L08-2,3
36,3073763,new,simple_insertion,35,83876,L08-2,3
37,3097326,new,simple_insertion,35,107439,L08-2,3
38,3481901,new,simple_insertion,39,61053,L08-2,3
17,2126832,new,unknown,16,975,L08-3,2
22,2380167,new,unknown,21,27335,L08-3,2
27,3018559,new,unknown,28,16791,L08-3,2
13,1782644,new,simple_insertion,14,77292,L08-3,3
20,2339707,new,unknown,21,9174,L08-3,3
5,852846,new,unknown,6,2287,L08-4,2
16,2122136,new,unknown,17,628,L08-4,2
27,3031643,new,unknown,28,3706,L08-4,2
32,3635110,new,simple_insertion,31,40528,L08-4,2
5,518365,new,simple_insertion,6,334515,L08-4,3
20,2320558,new,simple_insertion,21,26363,L08-4,3
31,3598444,new,unknown,30,10362,L08-4,3
1,42324,new,simple_insertion,2,348286,L09-1,2
16,2308058,new,simple_insertion,17,17182,L09-1,2
27,3964759,new,unknown,26,225972,L09-1,2
28,3970072,new,unknown,26,231285,L09-1,2
3,394537,new,unknown,4,198,L09-1,3
12,1691939,new,unknown,13,9907,L09-1,3
23,2480614,new,simple_insertion,22,144968,L09-1,3
24,2973148,new,unknown,26,186920,L09-1,3
25,2973492,new,unknown,26,186576,L09-1,3
32,3588037,new,unknown,31,347,L09-1,3
35,3959852,new,unknown,36,12275,L09-1,3
38,3976837,new,unknown,37,623,L09-1,3
9,1413289,new,simple_insertion,8,127460,L09-2,2
10,1685993,new,unknown,11,11673,L09-2,2
13,2255943,new,unknown,14,333,L09-2,2
26,3903119,new,unknown,25,168429,L09-2,2
27,3920239,new,unknown,25,185549,L09-2,2
3,1067889,new,simple_insertion,4,12837,L09-2,3
10,1632716,new,unknown,11,52373,L09-2,3
13,2222974,new,unknown,14,20417,L09-2,3
22,3559126,new,unknown,23,201,L09-2,3
25,3563692,new,unknown,24,277,L09-2,3
1,157027,new,simple_insertion,3,233583,L09-3,2
2,370916,new,simple_insertion,3,19694,L09-3,2
11,1635707,new,simple_insertion,13,61959,L09-3,2
12,1687869,new,unknown,13,9797,L09-3,2
17,1923008,new,simple_insertion,16,166064,L09-3,2
18,2178175,new,unknown,20,82199,L09-3,2
19,2179853,new,unknown,20,80521,L09-3,2
30,3580560,new,unknown,29,228,L09-3,2
3,161274,new,unknown,2,143,L09-3,3
14,1595736,new,simple_insertion,15,48201,L09-3,3
21,1759654,new,unknown,20,176,L09-3,3
22,1760181,new,unknown,20,703,L09-3,3
23,1896683,new,simple_insertion,24,28866,L09-3,3
28,2203061,new,simple_insertion,27,15158,L09-3,3
33,2639577,new,simple_insertion,32,303182,L09-3,3
34,3067722,new,unknown,36,93095,L09-3,3
35,3068368,new,unknown,36,92449,L09-3,3
38,3317615,new,simple_insertion,37,153708,L09-3,3
1,152791,new,unknown,3,237819,L09-4,2
2,161260,new,unknown,3,229350,L09-4,2
13,2255992,new,unknown,14,284,L09-4,2
26,3853316,new,unknown,25,118626,L09-4,2
27,3853394,new,unknown,25,118704,L09-4,2
13,2065258,new,simple_insertion,14,186414,L09-4,3
3,850402,new,unknown,5,425255,L10-1,2
4,852468,new,unknown,5,423189,L10-1,2
13,2489178,new,simple_insertion,14,36293,L10-1,2
22,3891100,new,simple_insertion,23,64897,L10-1,2
5,1132555,new,unknown,7,144201,L10-1,3
6,1136537,new,unknown,7,140219,L10-1,3
9,1280093,new,unknown,8,245,L10-1,3
10,1300424,new,simple_insertion,8,20576,L10-1,3
11,1737645,new,simple_insertion,12,180744,L10-1,3
22,2533796,new,unknown,21,955,L10-1,3
23,2745277,new,unknown,24,23373,L10-1,3
32,3928971,new,simple_insertion,31,28022,L10-1,3
33,3953486,new,unknown,34,12365,L10-1,3
3,128464,new,simple_insertion,2,4831,L10-2,2
4,138606,new,simple_insertion,2,14973,L10-2,2
5,139286,new,unknown,2,15653,L10-2,2
6,177047,new,simple_insertion,2,53414,L10-2,2
7,210944,new,simple_insertion,2,87311,L10-2,2
8,664627,new,simple_insertion,2,540994,L10-2,2
11,1295827,new,simple_insertion,10,17080,L10-2,2
12,1907839,new,unknown,13,9412,L10-2,2
15,1923224,new,unknown,14,2880,L10-2,2
20,2518417,new,simple_insertion,21,7054,L10-2,2
23,2573318,new,simple_insertion,22,44758,L10-2,2
26,3065603,new,unknown,25,298140,L10-2,2
27,3065987,new,unknown,25,298524,L10-2,2
28,3482343,new,simple_insertion,29,96808,L10-2,2
33,3941840,new,unknown,34,14156,L10-2,2
1,116660,new,unknown,2,3898,L10-2,3
32,2750038,new,unknown,33,50257,L10-2,3
1,117965,new,unknown,3,2577,L10-3,2
2,120149,new,unknown,3,393,L10-3,2
5,379584,new,simple_insertion,4,255951,L10-3,2
8,1388642,new,unknown,7,109895,L10-3,2
9,1405986,new,unknown,7,127239,L10-3,2
14,2085762,new,unknown,15,1268,L10-3,2
17,2313730,new,simple_insertion,18,211741,L10-3,2
26,3954740,new,unknown,27,1256,L10-3,2
7,453875,new,simple_insertion,6,66149,L10-3,3
8,1020438,new,unknown,10,263424,L10-3,3
9,1021389,new,unknown,10,262473,L10-3,3
12,1391794,new,unknown,13,5051,L10-3,3
15,1404094,new,unknown,14,1056,L10-3,3
18,1957654,new,unknown,17,40236,L10-3,3
19,1981353,new,unknown,20,39202,L10-3,3
24,2210585,new,simple_insertion,25,93278,L10-3,3
31,3471458,new,unknown,33,104881,L10-3,3
32,3512987,new,simple_insertion,33,63352,L10-3,3
35,3623350,new,simple_insertion,34,43921,L10-3,3
38,3734861,new,simple_insertion,37,12602,L10-3,3
39,3942081,new,unknown,40,12943,L10-3,3
1,118317,new,unknown,2,2225,L10-4,2
4,123988,new,unknown,3,354,L10-4,2
7,1441475,new,simple_insertion,6,162728,L10-4,2
8,1726370,new,simple_insertion,9,190882,L10-4,2
15,2329782,new,unknown,17,195689,L10-4,2
16,2434507,new,unknown,17,90964,L10-4,2
25,3955829,new,unknown,26,167,L10-4,2
1,43590,new,simple_insertion,2,74728,L10-4,3
4,791258,new,simple_insertion,5,481874,L10-4,3
7,1276458,new,unknown,6,235,L10-4,3
12,1771852,new,simple_insertion,11,41800,L10-4,3
13,1895745,new,simple_insertion,15,25211,L10-4,3
14,1920628,new,unknown,15,328,L10-4,3
21,2141005,new,simple_insertion,20,47177,L10-4,3
22,2276898,new,simple_insertion,24,56624,L10-4,3
23,2303614,new,simple_insertion,24,29908,L10-4,3
32,3313620,new,simple_transposition,34,275522,L10-4,3
33,3357823,new,simple_insertion,34,231319,L10-4,3
36,3604333,new,simple_insertion,35,12101,L10-4,3
37,3725496,new,unknown,38,264,L10-4,3
5,192862,new,simple_insertion,4,25561,L11-1,2
8,998537,new,simple_insertion,9,282565,L11-1,2
13,1614695,new,simple_insertion,12,183849,L11-1,2
24,3551217,new,simple_insertion,25,110674,L11-1,2
27,3749437,new,simple_insertion,26,84454,L11-1,2
5,167483,new,unknown,4,195,L11-1,3
12,1226392,new,unknown,14,60642,L11-1,3
13,1247045,new,unknown,14,39989,L11-1,3
30,2961790,new,simple_insertion,29,54744,L11-1,3
31,3417487,new,simple_insertion,32,142206,L11-1,3
36,3680789,new,unknown,35,4237,L11-1,3
37,3760843,new,unknown,38,174,L11-1,3
1,42980,new,simple_insertion,2,33831,L11-2,2
10,1298809,new,simple_insertion,9,14616,L11-2,2
13,1698541,new,unknown,15,163046,L11-2,2
14,1717476,new,simple_insertion,15,144111,L11-2,2
17,2094021,new,simple_insertion,19,36219,L11-2,2
18,2099068,new,unknown,19,31172,L11-2,2
23,2255467,new,simple_insertion,22,70902,L11-2,2
28,3235536,new,simple_insertion,27,337083,L11-2,2
9,446761,new,simple_insertion,8,53353,L11-2,3
10,1216833,new,unknown,11,67066,L11-2,3
15,1304778,new,unknown,14,80,L11-2,3
26,1894347,new,unknown,25,191,L11-2,3
37,2887677,new,simple_insertion,38,46567,L11-2,3
44,3716260,new,simple_insertion,43,9434,L11-2,3
19,2457751,new,unknown,18,165,L11-3,2
22,3635862,new,unknown,23,26028,L11-3,2
25,3667023,new,unknown,24,2039,L11-3,2
7,799203,new,simple_insertion,6,408885,L11-3,3
10,1377229,new,simple_insertion,11,50256,L11-3,3
15,1886985,new,unknown,14,22898,L11-3,3
5,306262,new,simple_insertion,6,80996,L11-4,2
8,493951,new,simple_insertion,7,103604,L11-4,2
9,945936,new,simple_insertion,10,335166,L11-4,2
14,1803918,new,simple_insertion,15,57669,L11-4,2
17,1997364,new,unknown,16,132688,L11-4,2
18,2014923,new,unknown,19,115316,L11-4,2
21,2138867,new,unknown,20,5534,L11-4,2
26,2462628,new,unknown,25,5042,L11-4,2
27,2627431,new,unknown,25,169845,L11-4,2
28,2824498,new,simple_insertion,29,70864,L11-4,2
31,2953083,new,simple_insertion,30,54630,L11-4,2
32,3390500,new,simple_insertion,33,271391,L11-4,2
37,3980006,new,simple_insertion,36,57312,L11-4,2
13,1244239,new,simple_insertion,14,45894,L11-4,3
18,1576177,new,simple_insertion,17,136310,L11-4,3
21,1873190,new,unknown,22,188,L11-4,3
26,2072935,new,simple_insertion,27,54595,L11-4,3
31,2365293,new,simple_insertion,32,80918,L11-4,3
46,3757398,new,unknown,45,91996,L11-4,3
49,3978936,new,unknown,50,1470,L11-4,3
