insert_id,pos,position_status,sv
1,476929,new,simple_insertion
2,549440,new,unknown
3,554375,new,unknown
4,705281,new,simple_insertion
5,1181602,new,unknown
6,1272610,original,pristine
7,1275700,original,pristine
8,1475270,new,unknown
9,1488332,new,unknown
10,1488995,new,unknown
11,1660675,new,simple_insertion
12,1938079,new,simple_insertion
13,1971562,new,unknown
14,1980792,new,unknown
15,2296166,new,simple_insertion
16,2646352,new,unknown
17,2650557,new,unknown
18,3358687,new,simple_insertion
19,3686544,new,simple_insertion
20,3848469,new,simple_insertion
21,3943022,new,unknown
22,3945327,new,unknown
